epoch,time,train/box_loss,train/cls_loss,train/dfl_loss,metrics/precision(B),metrics/recall(B),metrics/mAP50(B),metrics/mAP50-95(B),val/box_loss,val/cls_loss,val/dfl_loss,lr/pg0,lr/pg1,lr/pg2
1,4.26725,3.478,3.45368,2.54757,0.00167,0.2,0.00118,0.00037,4.30693,3.27761,2.9685,0.00038,0.00038,0.00038
2,7.23373,3.4383,3.36454,2.51212,0.00267,0.32,0.00228,0.00047,4.27136,3.25184,2.98238,0.0005226,0.0005226,0.0005226
3,9.50521,3.60494,3.45392,2.583,0.00233,0.28,0.00279,0.00116,4.18301,3.21,3.0319,0.0004012,0.0004012,0.0004012
